P Amarnath,10.72727273,33.71428571
Abdur Razzak,14.5,0
AB Agarkar,8.840245776,39.68965517
B Akhil,7.756410256,40.33333333
S Anirudha,0,0
J Arunkumar,0,0
SA Asnodkar,0,0
S Badrinath,0,0
L Balaji,8.057210965,26.68421053
SB Bangar,8.76,54.75
R Bhatia,7.426470588,28.45070423
MV Boucher,0,0
DJ Bravo,8.216522517,22.58196721
S Chanderpaul,0,0
PP Chawla,7.656726931,25.88095238
B Chipli,20,0
SD Chitnis,10,30
A Chopra,0,0
DB Das,0,0
H Das,0,0
AB de Villiers,0,0
P Dharmani,0,0
S Dhawan,8.25,16.5
MS Dhoni,0,0
TM Dilshan,8.115299335,73.2
AB Dinda,8.213153724,30.04347826
R Dravid,0,0
CRD Fernando,7.641025641,17.52941176
SP Fleming,0,0
Gagandeep Singh,10.07142857,47
G Gambhir,0,0
SC Ganguly,7.891304348,36.3
B Geeves,11.375,91
HH Gibbs,0,0
AC Gilchrist,0,0
K Goel,8.454545455,0
MS Gony,8.695945946,34.78378378
SP Goswami,0,0
Harbhajan Singh,6.960723833,26.65354331
ML Hayden,0,0
BJ Hodge,7.769230769,17.82352941
JR Hopes,9.133333333,39.14285714
DJ Hussey,9.028571429,59.25
MEK Hussey,0,0
Iqbal Abdulla,7.257853403,27.725
RA Jadeja,7.828803499,30.56097561
W Jaffer,0,0
ST Jayasuriya,7.959183673,30
DPMD Jayawardene,0,0
Joginder Sharma,9.882075472,34.91666667
SB Joshi,9.010989011,82
M Kaif,0,0
JH Kallis,7.901447278,35.27692308
D Kalyankrishna,10.875,43.5
Kamran Akmal,0,0
CK Kapugedera,19.6,0
KD Karthik,0,0
M Kartik,7.251828631,44.77419355
SM Katich,0,0
U Kaul,0,0
Z Khan,7.601092896,27.2745098
MA Khote,10.2,25.5
T Kohli,0,0
V Kohli,8.95377129,92
DS Kulkarni,7.99744898,24.75
P Kumar,7.7478551,36.12222222
A Kumble,6.591900312,23.51111111
VVS Laxman,0,0
B Lee,7.525773196,43.8
DS Lehmann,0,0
BB McCullum,0,0
GD McGrath,6.611111111,29.75
MF Maharoof,7.428571429,19.25925926
VY Mahesh,8.863232682,23.76190476
M Manhas,6,0
SE Marsh,0,0
AD Mascarenhas,6.953125,18.73684211
BAW Mendis,7.125,35.625
Misbah-ul-Haq,0,0
A Mishra,7.426554316,24.3358209
Mohammad Asif,9.25,37
Mohammad Hafeez,6.8,34
JA Morkel,8.22811301,27.75294118
WA Mota,8.083333333,24.25
A Mukund,0,0
M Muralitharan,6.677165354,26.92063492
AM Nayar,8.45144357,35.77777778
A Nehra,7.855793451,23.53773585
A Nel,10.33333333,31
AA Noffke,10,40
M Ntini,6.914285714,34.57142857
PP Ojha,7.391442155,26.20224719
JDP Oram,8.880407125,38.77777778
MK Pandey,0,0
Pankaj Singh,9.36,42.54545455
MM Patel,7.543314083,22.94594595
NK Patel,0,0
PA Patel,0,0
IK Pathan,7.802650957,33.1125
YK Pathan,7.4056353,33.97560976
DT Patil,0,0
RV Pawar,0,0
SM Pollock,6.543478261,27.36363636
LA Pomersbach,0,0
RT Ponting,0,0
RR Powar,7.422535211,40.53846154
AM Rahane,5,5
SK Raina,7.443105756,44.48
RR Raje,9.207048458,34.83333333
DB Ravi Teja,9.333333333,28
M Rawat,0,0
L Ronchi,0,0
WP Saha,0,0
Salman Butt,0,0
D Salunkhe,9.75,78
KC Sangakkara,0,0
PJ Sangwan,8.797564688,33.02857143
PM Sarvesh Kumar,8.4,42
RR Sarwan,0,0
V Sehwag,10.49107143,39.16666667
PR Shah,0,0
Shahid Afridi,7.5,25
I Sharma,8.209944751,38.43103448
RG Sharma,7.971014493,29.33333333
Shoaib Akhtar,7.714285714,10.8
Shoaib Malik,10.24096386,42.5
LR Shukla,8.563218391,29.8
LPC Silva,21,0
RP Singh,7.922738055,25.97777778
VRV Singh,9.033333333,45.16666667
DR Smith,9.05027933,31.15384615
GC Smith,0,0
Sohail Tanvir,6.472019465,12.09090909
S Sohal,0,0
S Sreesanth,8.178082192,29.85
TM Srivastava,0,0
DW Steyn,6.738749269,25.06521739
SB Styris,7.666666667,34.5
A Symonds,7.702857143,33.7
T Taibu,0,0
YV Takawale,0,0
LRPL Taylor,12,0
SR Tendulkar,9.666666667,0
DJ Thornely,5.714285714,13.33333333
MK Tiwary,12.16666667,73
SS Tiwary,0,0
SK Trivedi,7.60991207,29.29230769
Umar Gul,8.251121076,15.33333333
RV Uthappa,0,0
WPUJC Vaas,7.553191489,19.72222222
Y Venugopal Rao,9.361111111,56.16666667
DL Vettori,6.819239721,31.39285714
S Vidyut,11,22
DP Vijaykumar,7.896825397,49.75
R Vinay Kumar,8.321858864,28.16504854
SK Warne,7.271356784,25.38596491
SR Watson,7.859683156,28.26744186
CL White,12.28571429,86
AS Yadav,0,0
VS Yeligati,11.8,0
Younis Khan,0,0
Yuvraj Singh,7.396491228,29.27777778
DNT Zoysa,9,49.5
YA Abdulla,8.898550725,20.46666667
Anureet Singh,9.02173913,34.17647059
KP Appanna,7.944444444,31.77777778
R Ashwin,6.559055118,24.99
GJ Bailey,0,0
AA Bilakhia,0,0
R Bishnoi,0,0
RS Bopara,8.538011696,26.54545455
RR Bose,12,0
J Botha,6.932409012,32
LA Carseldine,6,6
JP Duminy,7.281021898,34.69565217
D du Preez,8,14
FH Edwards,6.637931034,30.8
A Flintoff,9.545454545,52.5
CH Gayle,7.96479648,40.22222222
AN Ghosh,0,0
Harmeet Singh,8.04180418,27.07407407
RJ Harris,7.565028902,23.26666667
SM Harwood,7.3,24.33333333
T Henderson,6.666666667,40
MC Henriques,8.394062078,32.73684211
SB Jakati,8.038781163,30.87234043
Jaskaran Singh,10.05882353,28.5
Kamran Khan,8.484848485,24.88888889
CK Langeveldt,7.192307692,14.38461538
AB McDonald,8.419354839,23.72727273
VS Malik,7.653958944,43.5
SL Malinga,6.882933709,19.01298701
Mashrafe Mortaza,14.5,0
AD Mathews,8.205323194,39.96296296
A Mithun,9.833333333,67.42857143
Mohammad Ashraful,0,0
M Morkel,7.69996314,27.12987013
Y Nagar,11.36363636,31.25
C Nanda,7.125,28.5
DP Nannes,7.343311506,28.03571429
GR Napier,6.75,27
NV Ojha,0,0
KP Pietersen,7.413793103,30.71428571
RJ Quiney,0,0
AS Raut,8.8,0
JD Ryder,7.729591837,37.875
AM Salvi,8,28.57142857
SS Sarkar,8.292682927,34
RA Shaikh,11,0
SS Shaikh,0,0
KV Sharma,7.736842105,27
Shoaib Ahmed,8.941176471,30.4
A Singh,7.938540333,22.14285714
TL Suman,7.88,32.83333333
T Thushara,7.219730942,20.125
S Tyagi,8.550724638,49.16666667
PC Valthaty,8.167330677,29.28571429
RE van der Merwe,6.775510204,23.71428571
MN van Wyk,0,0
M Vijay,8.166666667,0
DA Warner,0,0
Yashpal Singh,0,0
S Ladda,9.739130435,44.8
L Ablish,10.71428571,25
AN Ahmed,8.706293706,41.5
Anirudh Singh,0,0
KB Arun Karthik,0,0
AB Barath,0,0
STR Binny,7.566666667,32.42857143
Bipul Sharma,8.101983003,33.64705882
MS Bisla,0,0
DE Bollinger,7.21875,18.72972973
SE Bond,7.225806452,24.88888889
PD Collingwood,6.965517241,20.2
P Dogra,0,0
AP Dole,10.18181818,22.4
ND Doshi,8.586956522,39.5
FY Fazal,10,0
AJ Finch,9.436619718,67
C Ganapathy,13,0
RS Gavaskar,8,0
Harpreet Singh,0,0
KM Jadhav,0,0
AA Jhunjhunwala,9.14893617,129
JM Kemp,7.5,18
MJ Lumb,0,0
R McLaren,9.186440678,45.16666667
C Madan,0,0
Mandeep Singh,0,0
MR Marsh,7.915869981,20.7
DR Martyn,0,0
MD Mishra,0,0
EJG Morgan,0,0
AG Murtaza,7.113636364,34.77777778
S Narwal,11.6091954,40.4
MB Parmar,11,0
AG Paunikar,0,0
NLTC Perera,8.773747841,32.77419355
KA Pollard,8.907901359,31.60714286
CA Pujara,0,0
AT Rayudu,0,0
KAJ Roach,10,0
R Sathish,10.04329004,77.33333333
OA Shah,0,0
R Sharma,7.033678756,27.15
RS Sodhi,0,0
S Sriram,16.33333333,0
SJ Srivastava,9.382978723,31.5
B Sumanth,0,0
SW Tait,8.194622279,27.82608696
AP Tare,0,0
J Theron,8.138888889,32.55555556
JD Unadkat,8.034398034,23.35714286
A Uniyal,11,33
AC Voges,8.444444444,0
SB Wagh,8.058823529,27.4
UT Yadav,8.412057178,29.74725275
VR Aaron,8.707142857,32.07894737
MA Agarwal,0,0
Anand Rajan,8.204081633,25.125
S Aravind,8.219936709,23.08888889
BA Bhatt,8.135245902,33.08333333
TR Birt,0,0
AC Blizzard,0,0
UBT Chand,0,0
AA Chavan,7.912621359,40.75
DT Christian,7.905405405,31.2
KH Devdhar,0,0
JP Faulkner,8.70288791,30.13559322
CJ Ferguson,0,0
JEC Franklin,8.764940239,24.44444444
Y Gnaneswara Rao,7,0
RV Gomez,8.0625,25.8
BJ Haddin,0,0
CA Ingram,0,0
DJ Jacobs,0,0
IR Jaggi,0,0
S Randiv,7.689655172,37.16666667
AA Kazi,10.5,0
M Klinger,0,0
KMDN Kulasekara,7.058823529,24
B Kumar,7.094328177,21.07207207
NL McCullum,6.8,0
I Malhotra,23,0
AL Menaria,7.912087912,48
SS Mundhe,6,6
S Nadeem,7.110512129,35.64864865
R Ninan,10.83333333,21.66666667
TD Paine,0,0
P Parameswaran,8.818897638,24.88888889
WD Parnell,7.394514768,26.96153846
AUK Pathan,10,0
P Prasanth,18,0
RW Price,11,0
S Rana,7.5,0
NJ Rimmington,6.333333333,0
Shakib Al Hasan,7.181996086,25.60465116
TG Southee,8.309090909,41.54545455
Sunny Singh,0,0
J Syed Mohammad,8.84375,35.375
JE Taylor,8.134715026,26.16666667
RN ten Doeschate,7.230769231,47
AC Thomas,7.76290631,29
JJ van der Wath,10.75,43
MS Wade,0,0
DH Yagnik,0,0
Ankit Sharma,7.304492512,36.58333333
A Ashish Reddy,9.209302326,22
P Awana,8.278358809,26.38461538
Azhar Mahmood,7.874015748,24.13793103
RR Bhatkal,17.5,0
DAJ Bracewell,8,10.66666667
A Chandila,6.205128205,22
MJ Clarke,6.090909091,33.5
KK Cooper,7.885416667,22.93939394
M de Lange,9.388888889,33.8
F du Plessis,16,0
Sunny Gupta,15.66666667,0
Gurkeerat Singh,7.461538462,19.4
DJ Harris,8.666666667,0
BW Hilfenhaus,7.725806452,21.77272727
GB Hogg,7.480314961,24.7826087
RE Levi,0,0
CA Lynn,0,0
CJ McKay,8.571428571,60
AP Majumdar,0,0
GJ Maxwell,8.87037037,43.54545455
DA Miller,0,0
T Mishra,0,0
SP Narine,6.336973479,21.37894737
P Negi,7.569644573,26.26666667
HV Patel,8.555066079,28.55882353
RJ Peterson,8.75,23.33333333
V Pratap Singh,8.705882353,29.6
PA Reddy,0,0
AD Russell,8.557784145,28.90322581
N Saini,0,0
BB Samantray,0,0
MN Samuels,8.02259887,31.55555556
R Shukla,10.4,41.6
SPD Smith,25,0
TP Sudhindra,11.92982456,136
K Upadhyay,9,0
LJ Wright,10.7826087,62
SA Yadav,8,0
S Badree,7.418604651,29
UA Birla,0,0
JJ Bumrah,8.117033604,30.45652174
YS Chahal,7.928246589,22.41428571
NM Coulter-Nile,7.689839572,19.97222222
Q de Kock,0,0
R Dhawan,7.881773399,35.55555556
CM Gautam,0,0
JO Holder,8.5,61.2
MG Johnson,8.084874864,25.18644068
MC Juneja,0,0
S Kaul,8.526466381,27.09090909
B Laughlin,10.14285714,71
BMAJ Mendis,7.2,36
Mohammed Shami,8.972142171,51.88888889
CH Morris,7.54491018,23.77358491
KK Nair,0,0
MG Neser,15.5,0
IC Pandey,7.675324675,32.83333333
Parvez Rasool,8.212121212,67.75
MDKJ Perera,0,0
KL Rahul,0,0
AS Rajpoot,8.275862069,30
R Rampaul,6.866359447,21.28571429
KW Richardson,8.438095238,24.61111111
BJ Rohrer,12,0
Sachin Baby,5.714285714,4
DJG Sammy,8.928571429,31.81818182
SV Samson,0,0
Sandeep Sharma,7.775600196,22.35211268
SMSM Senanayake,6.53125,23.22222222
MM Sharma,8.153967007,25.01204819
P Suyal,9.4375,75.5
PV Tambe,7.754545455,30.46428571
X Thalaivan Sargunam,0,0
GH Vihari,6.333333333,38
M Vohra,0,0
CJ Anderson,9.950617284,50.375
PJ Cummins,8.302828619,29.35294118
BCJ Cutting,8.509090909,33.42857143
BR Dunk,0,0
S Gopal,8.062827225,22
JW Hastings,7.021276596,22
BE Hendricks,9.4,26.11111111
Imran Tahir,8.35016835,21.10638298
Karanveer Singh,9.441176471,26.75
NJ Maddinson,0,0
JDS Neesham,10.11111111,91
AR Patel,7.441077441,26.67241379
RR Rossouw,0,0
K Santokie,11.25,30
V Shankar,19,0
Shivam Sharma,8.684210526,41.25
LMP Simmons,11.33333333,34
MA Starc,7.18879668,20.38235294
R Tewatia,6.619047619,23.16666667
VH Zol,0,0
SA Abbott,11.4,0
TA Boult,8.846846847,32.73333333
KC Cariappa,9.235294118,39.25
DJ Hooda,8.348909657,44.66666667
SS Iyer,0,0
SN Khan,0,0
MJ McClenaghan,8.618677043,24.61111111
RG More,10.72727273,59
DJ Muthuswami,7.214285714,25.25
HH Pandya,9.124579125,54.2
GS Sandhu,10.25,82
BB Sran,8.784530387,34.07142857
J Suchith,8.975609756,36.8
SN Thakur,8.588807786,29.41666667
D Wiese,8.701298701,25.125
KS Williamson,7,0
J Yadav,6.533333333,49
KJ Abbott,11.0625,88.5
AD Nath,0,0
HM Amla,0,0
M Ashwin,8.51590106,34.42857143
F Behardien,0,0
SW Billings,0,0
SM Boland,7.714285714,27
CR Brathwaite,8.797250859,32
JC Buttler,0,0
DL Chahar,9.583333333,115
ER Dwivedi,0,0
MJ Guptill,0,0
PSP Handscomb,0,0
TM Head,10.125,40.5
Ishan Kishan,0,0
CJ Jordan,9.206896552,22.25
S Kaushik,8.735294118,49.5
UT Khawaja,0,0
Kuldeep Yadav,8.301886792,24.44444444
AF Milne,9.833333333,44.25
C Munro,7.5,0
Mustafizur Rahman,7.176656151,26.76470588
NS Naik,0,0
KH Pandya,7.158931083,31.8125
RR Pant,0,0
N Rana,3,0
P Sahu,8.439306358,48.66666667
T Shamsi,9.1875,49
MP Stoinis,9.129129129,30.4
Swapnil Singh,9,90
A Zampa,7.616438356,14.63157895
AR Bawne,0,0
SS Agarwal,10.5,42
Ankit Soni,7.955801105,72
Avesh Khan,5.75,23
Basil Thampi,9.54954955,38.54545455
DM Bravo,0,0
RD Chahar,8.285714286,29
A Choudhary,8.727272727,28.8
C de Grandhomme,8.4375,33.75
LH Ferguson,7.153846154,31
MJ Henry,14.2,71
SP Jackson,0,0
TS Mills,8.742857143,30.6
Mohammad Nabi,5.272727273,29
Mohammed Siraj,9.217391304,21.2
T Natarajan,9.274193548,57.5
K Rabada,8.867924528,31.33333333
Rashid Khan,6.62962963,21.05882353
JJ Roy,0,0
NB Singh,3.75,15
B Stanlake,8.75,35
BA Stokes,7.181818182,26.33333333
Tejas Baroka,10,0
RA Tripathi,12,0
AJ Tye,6.714285714,11.75
Vishnu Vinod,0,0
Washington Sundar,6.166666667,23.125
CR Woakes,8.772727273,22.70588235